{"stats":{"minecraft:killed_by":{"minecraft:skeleton":1},"minecraft:mined":{"minecraft:fire":1,"minecraft:vine":1,"minecraft:oak_leaves":7},"minecraft:custom":{"minecraft:jump":57,"minecraft:time_since_rest":166,"minecraft:deaths":2,"minecraft:damage_dealt":143,"minecraft:walk_on_water_one_cm":173,"minecraft:leave_game":2,"minecraft:play_time":3977,"minecraft:sprint_one_cm":11019,"minecraft:damage_taken":530,"minecraft:time_since_death":160,"minecraft:walk_one_cm":12986,"minecraft:total_world_time":3977,"minecraft:climb_one_cm":692,"minecraft:walk_under_water_one_cm":350,"minecraft:mob_kills":1,"minecraft:fall_one_cm":4510,"minecraft:fly_one_cm":7708},"minecraft:picked_up":{"minecraft:stick":2}},"DataVersion":3465}